English,Episodes,Genres,Personal score,Score,Source,Studios,Type
009 Re:Cyborg,1,Action,6,6.71,Unknown,Production I.G,Movie
March comes in like a lion,22,Game,8,8.39,Manga,Shaft,TV
Accel World,24,Action,9,7.55,Light novel,Sunrise,TV
Accel World EX,2,Action,6,7.27,Light novel,Sunrise,OVA
Accel World: Acchel World.,8,Sci-Fi,5,6.34,4-koma manga,J.C.Staff,Special
Place to Place,12,Slice of Life,7,7.62,4-koma manga,AIC,TV
Acchi Kocchi (TV): Place=Princess,1,Slice of Life,7,7.59,4-koma manga,AIC,Special
Air,12,Slice of Life,8,7.44,Visual novel,Kyoto Animation,TV
Air in Summer,2,Romance,8,7.43,Visual novel,Kyoto Animation,Special
Air: The Motion Picture,1,Drama,7,7.36,Visual novel,Toei Animation,Movie
Aiura,12,Comedy,7,6.79,4-koma manga,LIDENFILMS,TV
AKIRA,1,Action,8,8.16,Manga,Tokyo Movie Shinsha,Movie
Flowers of Evil,13,Drama,8,7.20,Manga,Zexcs,TV
Aldnoah.Zero,12,Action,8,7.59,Original,A-1 Pictures,TV
Amagami SS,25,Slice of Life,9,7.52,Visual novel,AIC,TV
Amagami SS,6,Romance,7,7.35,Unknown,AIC,OVA
Amagami SS+ plus,13,Slice of Life,4,7.57,Visual novel,AIC,TV
Amagami SS+ Plus Specials,NaN,NaN,5,NaN,NaN,NaN,NaN
Amagami SS: Little Sister,1,School,9,7.32,Unknown,AIC,Special
Angel Beats!,NaN,NaN,10,NaN,NaN,NaN,NaN
Angel Beats!: Another Epilogue,1,Supernatural,0,7.60,Original,P.A. Works,Special
Animation Store Manager,1,Action,0,6.09,Other,Gainax,OVA
anohana: The Flower We Saw That Day,11,Slice of Life,10,8.56,Original,A-1 Pictures,TV
Waiting in the Summer,12,Comedy,9,7.65,Original,J.C.Staff,TV
Another,12,Mystery,8,7.80,Novel,P.A. Works,TV
Another: The Other,1,Horror,7,7.46,Novel,P.A. Works,OVA
Ansatsu Kyoushitsu,1,Action,6,7.32,Manga,Brain's Base,Special
Blue Exorcist,25,Action,8,7.86,Manga,A-1 Pictures,TV
Blue Exorcist The Movie,1,Action,6,7.83,Manga,A-1 Pictures,Movie
Blue Exorcist: Runaway Kuro,1,Action,6,7.41,Manga,A-1 Pictures,Special
Ao no Exorcist: Ura Ex,10,Action,4,7.22,Unknown,A-1 Pictures,Special
World War Blue,3,Action,5,5.97,Manga,Fifth Avenue,Special
World's End,1,Sci-Fi,8,6.43,Unknown,Madhouse,OVA
Arve Rezzle: Kikaijikake no Yousei-tachi,1,Action,8,6.39,Light novel,Zexcs,Movie
Aura: Koga Maryuin's Last War,1,Comedy,8,7.61,Light novel,AIC A.S.T.A.,Movie
Baccano!,13,Action,8,8.50,Light novel,Brain's Base,TV
Baccano! Specials,3,Action,8,8.25,Light novel,Brain's Base,Special
Baka & Test - Summon the Beasts,13,Comedy,9,7.78,Light novel,Silver Link.,TV
Baka to Test to Shoukanjuu Ni!,NaN,NaN,8,NaN,NaN,NaN,NaN
Baka to Test to Shoukanjuu Specials,6,Magic,4,7.46,Unknown,Silver Link.,Special
Baka to Test to Shoukanjuu: Matsuri,NaN,NaN,8,NaN,NaN,NaN,NaN
"Baka to Test to Shoukanjuu: Matsuri - Sentaku ni Yotte Tenkai ga Kawaru ""LIPS Eizou""",1,Comedy,6,6.98,Light novel,Silver Link.,ONA
Baka to Test to Shoukanjuu: Mondai - Christmas ni Tsuite Kotae Nasai,NaN,NaN,4,NaN,NaN,NaN,NaN
The Boy and the Beast,1,Adventure,8,8.52,Original,Studio Chizu,Movie
Bakemonogatari,15,Mystery,10,8.36,Light novel,Shaft,TV
Bakemonogatari Recap,1,Mystery,0,7.38,Light novel,Shaft,Special
Bakuman.,25,Comedy,6,8.33,Manga,J.C.Staff,TV
Bakuman.,25,Comedy,8,8.50,Manga,J.C.Staff,TV
Bakuman. 3rd Season,NaN,NaN,7,NaN,NaN,NaN,NaN
Barakamon,12,Comedy,8,8.48,Web manga,Kinema Citrus,TV
Ben-To,12,Action,7,7.44,Light novel,David Production,TV
Berserk,12,Action,7,6.72,Manga,Millepensee,TV
Berserk,12,Action,6,7.12,Manga,Millepensee,TV
Berserk: Majo no Tsuisou,NaN,NaN,3,NaN,NaN,NaN,NaN
Berserk: Ougon Jidai-hen I - Haou no Tamago,NaN,NaN,8,NaN,NaN,NaN,NaN
Berserk: The Golden Age Arc II - The Battle for Doldrey,1,Action,9,8.07,Manga,Studio 4°C,Movie
Berserk: The Golden Age Arc III - The Advent,1,Action,8,8.31,Manga,Studio 4°C,Movie
Binbougami ga!,NaN,NaN,8,NaN,NaN,NaN,NaN
Biohazard: Damnation,1,Action,0,7.37,Game,Digital Frontier,Movie
Biohazard: Degeneration,1,Action,0,7.17,Game,Digital Frontier,Movie
Resident Evil: Vendetta,1,Action,0,7.27,Game,Marza Animation Planet,Movie
Black Lagoon,12,Action,4,8.14,Manga,Madhouse,TV
Black Lagoon Omake,7,Comedy,4,6.95,Manga,Madhouse,Special
Black Lagoon: Roberta's Blood Trail,5,Action,6,8.13,Manga,Madhouse,OVA
Black Lagoon: The Second Barrage,12,Action,5,8.27,Manga,Madhouse,TV
Blade Runner: Black Out 2022,1,Sci-Fi,0,7.12,Other,Cygames,ONA
Blame! Movie,1,Action,6,7.38,Manga,Polygon Pictures,Movie
BLEND-S,12,Slice of Life,8,7.65,4-koma manga,A-1 Pictures,TV
Blood Lad,10,Action,6,7.52,Manga,Brain's Base,TV
Blood Lad: Wagahai wa Neko de wa Nai,NaN,NaN,5,NaN,NaN,NaN,NaN
BLOOD-C,12,Action,8,6.71,Manga,Production I.G,TV
Blood-C: The Last Dark,1,Action,7,7.32,Original,Production I.G,Movie
Blood: The Last Vampire,1,Horror,6,6.99,Original,Production I.G,Movie
ERASED,12,Mystery,8,8.57,Manga,A-1 Pictures,TV
"Boku no Imouto wa ""Osaka Okan""",12,Comedy,5,5.89,Original,Charaction,TV
"Boku no Imouto wa ""Osaka Okan"": Haishin Gentei Osaka Okan.",1,Comedy,4,5.75,Original,Charaction,ONA
Haganai: I don't have many friends,12,Harem,7,7.49,Light novel,AIC Build,TV
Boku wa Tomodachi ga Sukunai Episode 0,1,Slice of Life,0,6.83,Light novel,AIC Build,OVA
Haganai: I don't have many friends NEXT,12,Harem,7,7.62,Light novel,AIC Build,TV
Haganai: Add-on Disc,1,Comedy,7,7.20,Light novel,AIC Build,OVA
Bokusatsu Tenshi Dokuro-chan,NaN,NaN,7,NaN,NaN,NaN,NaN
Bludgeoning Angel Dokuro-chan 2,2,Magic,8,6.86,Light novel,Hal Film Maker,OVA
Xam'd: Lost Memories,26,Action,9,7.78,Original,Bones,ONA
BTOOOM!,12,Action,7,7.61,Manga,Madhouse,TV
Busou Shinki Moon Angel,NaN,NaN,8,NaN,NaN,NaN,NaN
5 Centimeters Per Second,3,Drama,8,7.98,Original,CoMix Wave Films,Movie
Canaan,13,Action,8,7.37,Visual novel,P.A. Works,TV
Carnival Phantasm,12,Comedy,9,7.98,Manga,Lerche,OVA
Carnival Phantasm EX Season,1,Comedy,9,7.55,Unknown,Lerche,OVA
Carnival Phantasm: HibiChika Special,1,Comedy,8,7.44,Unknown,Lerche,Special
Carnival Phantasm: Illya-jou,1,Parody,4,7.03,Unknown,Lerche,Special
C³,NaN,NaN,6,NaN,NaN,NaN,NaN
C³ - CubexCursedxCurious Special,1,Action,4,6.85,Light novel,Silver Link.,Special
Charlotte,13,Drama,7,7.92,Original,P.A. Works,TV
Charlotte: Tsuyoimono-tachi,1,Super Power,0,7.56,Original,P.A. Works,Special
ChäoS;Child,12,Sci-Fi,6,6.56,Visual novel,Silver Link.,TV
ChäoS;Child Episode 0,1,Sci-Fi,0,6.38,Visual novel,Silver Link.,Special
ChäoS;HEAd,12,Harem,7,6.54,Visual novel,Madhouse,TV
Chobits,26,Sci-Fi,8,7.54,Manga,Madhouse,TV
Chobits: Hibiya and Kotoko Chat,1,Ecchi,0,7.06,Manga,Madhouse,Special
Chobits: Chibits - Sumomo and Kotoko Deliver,1,Romance,0,7.07,Manga,Madhouse,Special
Choboraunyopomi Gekijou Ai Mai Mii,NaN,NaN,0,NaN,NaN,NaN,NaN
"Love, Chunibyo & Other Delusions!",12,Slice of Life,10,7.90,Light novel,Kyoto Animation,TV
Chuunibyou demo Koi ga Shitai! Lite,NaN,NaN,9,NaN,NaN,NaN,NaN
"Love, Chunibyo & Other Delusions!: Heart Throb",12,Comedy,4,7.60,Light novel,Kyoto Animation,TV
"Love, Chunibyo & Other Delusions!: Heart Throb Lite Shorts",6,Comedy,7,7.22,Light novel,Kyoto Animation,ONA
Chuunibyou demo Koi ga Shitai!: Depth of Field - Ai to Nikushimi Gekijou,NaN,NaN,8,NaN,NaN,NaN,NaN
"Love, Chunibyo & Other Delusions!: Sparkling... Slapstick Noel",1,Comedy,7,7.58,Light novel,Kyoto Animation,Special
Clannad,23,Comedy,9,8.23,Visual novel,Kyoto Animation,TV
Clannad Movie,NaN,NaN,4,NaN,NaN,NaN,NaN
Clannad ~After Story~,24,Drama,10,9.02,Visual novel,Kyoto Animation,TV
"Clannad ~After Story~: Another World, Kyou Chapter",1,Drama,8,7.98,Visual novel,Kyoto Animation,Special
"Clannad: Mou Hitotsu no Sekai, Tomoyo-hen",NaN,NaN,10,NaN,NaN,NaN,NaN
Code Geass: Akito the Exiled - The Wyvern Arrives,1,Action,6,7.58,Original,Sunrise,Movie
Code Geass: Lelouch of the Rebellion,25,Action,10,8.79,Original,Sunrise,TV
Code Geass: Nunnally in Wonderland,1,Comedy,3,6.51,Original,Sunrise,OVA
Code Geass: Lelouch of the Rebellion R2,25,Action,10,8.95,Original,Sunrise,TV
Colorful The Motion Picture,1,Slice of Life,8,8.01,Novel,Sunrise,Movie
Concrete Revolutio: Choujin Gensou,NaN,NaN,7,NaN,NaN,NaN,NaN
From Up on Poppy Hill,1,Historical,8,8.00,Manga,Studio Ghibli,Movie
Corpse Party: Missing Footage,1,Horror,0,6.33,Visual novel,Asread,OVA
Corpse Party: Tortured Souls,4,Horror,8,7.03,Visual novel,Asread,OVA
Cowboy Bebop,26,Action,6,8.81,Original,Sunrise,TV
Cowboy Bebop: The Movie,1,Action,6,8.41,Original,Bones,Movie
Cowboy Bebop Session XX,1,Action,4,7.52,Original,Sunrise,Special
Cross Road,1,Slice of Life,0,7.52,Original,add some,Special
Cyborg 009: The Reopening,1,Action,0,5.70,Unknown,Production I.G,Special
Cyclops Shoujo Saipuu,12,Ecchi,4,5.99,4-koma manga,add some,ONA
D.C.~Da Capo~,26,Harem,7,6.88,Visual novel,feel.,TV
Dance in the Vampire Bund,12,Action,6,7.18,Manga,Shaft,TV
Danganronpa: The Animation,13,Mystery,8,7.48,Game,Lerche,TV
Daily Lives of High School Boys,12,Slice of Life,7,8.34,Web manga,Sunrise,TV
Someone's Gaze,1,Drama,7,7.51,Original,CoMix Wave Films,Movie
Darker than Black,25,Action,9,8.22,Original,Bones,TV
Darker than Black: Kuro no Keiyakusha Gaiden,4,Action,10,8.06,Original,Bones,Special
Darker than Black: Kuro no Keiyakusha Special,1,Sci-Fi,7,7.63,Original,Bones,Special
Darker than Black: Gemini of the Meteor,12,Action,9,7.58,Original,Bones,TV
Deadman Wonderland,12,Action,8,7.42,Manga,Manglobe,TV
Deadman Wonderland OVA,1,Action,7,7.09,Manga,Manglobe,OVA
Death Billiards,1,Game,8,8.02,Original,Madhouse,Movie
Death Note,37,Mystery,6,8.68,Manga,Madhouse,TV
Death Parade,12,Game,5,8.28,Original,Madhouse,TV
Dengeki Bunko 2007 Movie Festival Special,1,Comedy,0,6.30,Unknown,add some,Special
Ground Control to Psychoelectric Girl,12,Sci-Fi,8,7.28,Light novel,Shaft,TV
Denpa Onna to Seishun Otoko Special,1,Sci-Fi,7,7.38,Light novel,Shaft,Special
Denpa-teki na Kanojo,2,Mystery,8,7.72,Light novel,Brain's Base,OVA
Detroit Metal City: The Animated Series,12,Music,8,8.23,Manga,Studio 4°C,OVA
Detroit Metal City: Birth of the Metal Devil,1,Parody,0,7.39,Unknown,Studio 4°C,Special
Durarara!!,24,Action,8,8.31,Light novel,Brain's Base,TV
Durarara!! Specials,2,Action,8,8.01,Light novel,Brain's Base,Special
Durarara!! x2 Shou,12,Action,7,8.12,Light novel,Shuka,TV
Durarara!! x2 Ten,12,Action,6,8.10,Light novel,Shuka,TV
ef - a tale of melodies.,12,Drama,8,8.13,Visual novel,Shaft,TV
ef: A Tale of Melodies. - Prologue,1,Music,0,7.38,Visual novel,Shaft,Special
ef - a tale of memories.,12,Mystery,10,8.07,Visual novel,Shaft,TV
ef: A Tale of Memories. - Prologue,1,Drama,0,7.20,Visual novel,Shaft,Special
Elfen Lied,NaN,NaN,7,NaN,NaN,NaN,NaN
Elfen Lied: In the Passing Rain,1,Horror,6,7.31,Manga,Arms,Special
Eureka Seven,50,Sci-Fi,10,8.16,Original,Bones,TV
Eureka Seven AO,24,Action,6,6.82,Manga,Bones,TV
Eureka Seven AO: Jungfrau no Hanabana-tachi,1,Action,2,6.37,Manga,Bones,OVA
"Eureka Seven - good night, sleep tight, young lovers",1,Adventure,9,7.23,Original,Bones,Movie
Evangelion: 1.0 You Are (Not) Alone,1,Action,8,8.17,Original,Khara,Movie
Evangelion: 2.0 You Can (Not) Advance,1,Action,10,8.46,Original,Khara,Movie
Evangelion: 3.0 You Can (Not) Redo,1,Action,7,7.66,Original,Khara,Movie
Time of Eve,1,Sci-Fi,7,8.19,Original,Studio Rikka,Movie
Fate/Kaleid Liner Prisma Illya,10,Action,7,7.25,Manga,Silver Link.,TV
Fate/kaleid liner Prisma☆Illya Specials,5,Comedy,6,6.89,Manga,Silver Link.,Special
Fate/Kaleid Liner Prisma Illya: Dance at the Sports Festival!,1,Comedy,5,6.81,Manga,Silver Link.,OVA
Fate/Prototype,1,Action,0,6.93,Original,Lerche,OVA
Fate/stay night,24,Action,8,7.53,Visual novel,Studio Deen,TV
Fate/stay night: Unlimited Blade Works,1,Action,9,7.54,Visual novel,Studio Deen,Movie
Fate/stay night TV Reproduction,2,Action,5,7.01,Visual novel,Studio Deen,OVA
Fate/stay night [Unlimited Blade Works],12,Action,7,8.36,Visual novel,ufotable,TV
Fate/stay night: Unlimited Blade Works - Prologue,1,Action,8,8.25,Visual novel,ufotable,Special
Fate/stay night [Unlimited Blade Works] Season 2,13,Action,6,8.42,Visual novel,ufotable,TV
Fate/stay night: Unlimited Blade Works 2nd Season - Sunny Day,1,Action,5,7.48,Visual novel,ufotable,Special
Fate/Zero,13,Action,9,8.46,Novel,ufotable,TV
Fate/Zero Season 2,12,Action,10,8.67,Light novel,ufotable,TV
Fate/Zero: Please! Einzbern Counseling Room,6,Comedy,6,6.73,Unknown,ufotable,Special
FLCL,6,Action,7,8.06,Original,Gainax,OVA
Free! - Iwatobi Swim Club,12,Slice of Life,7,7.60,Original,Kyoto Animation,TV
Free!: FrFr - Short Movie,7,Comedy,5,7.77,Light novel,Kyoto Animation,Special
Freezing,12,Action,6,7.13,Manga,A.C.G.T.,TV
Freezing Specials,6,Action,5,6.71,Unknown,A.C.G.T.,Special
Fullmetal Alchemist,51,Action,7,8.30,Manga,Bones,TV
Fullmetal Alchemist: Brotherhood,64,Action,9,9.25,Manga,Bones,TV
Fullmetal Alchemist: Brotherhood: 4-Koma Theater,16,Parody,6,7.65,4-koma manga,Bones,Special
Fullmetal Alchemist: Brotherhood OVA Collection,4,Military,7,8.10,Manga,Bones,Special
Fullmetal Alchemist: Premium OVA Collection,3,Fantasy,6,7.43,Manga,Bones,OVA
Fullmetal Alchemist: The Movie - Conqueror of Shamballa,1,Military,8,7.71,Manga,Bones,Movie
Fullmetal Alchemist: The Sacred Star of Milos,1,Action,6,7.45,Manga,Bones,Movie
The Great Passage,11,Slice of Life,8,7.68,Novel,Zexcs,TV
Ponyo,1,Adventure,0,7.93,Original,Studio Ghibli,Movie
School-Live!,12,Slice of Life,8,7.69,Manga,Lerche,TV
Galilei Donna: Storia di tre sorelle a caccia di un mistero,11,Action,7,6.48,Original,A-1 Pictures,TV
Gamers!,12,Comedy,7,7.29,Light novel,Pine Jam,TV
Gantz,13,Action,6,7.21,Manga,Gonzo,TV
Gantz: Second Stage,13,Action,6,7.24,Manga,Gonzo,TV
Gantz:O,1,Action,7,7.65,Manga,Digital Frontier,Movie
Gatchaman Crowds,12,Sci-Fi,7,7.43,Original,Tatsunoko Production,TV
Monthly Girls' Nozaki-kun,12,Comedy,8,8.16,4-koma manga,Doga Kobo,TV
Ghost in the Shell,1,Action,8,8.35,Manga,Production I.G,Movie
Ghost in the Shell 2: Innocence,1,Military,9,7.91,Manga,Production I.G,Movie
Silver Spoon,11,Comedy,8,8.16,Manga,A-1 Pictures,TV
Silver Spoon 2nd Season,11,Comedy,8,8.34,Manga,A-1 Pictures,TV
Giovanni's Island,1,Drama,9,7.81,Original,Production I.G,Movie
GJ Club,12,Comedy,10,7.44,Light novel,Doga Kobo,TV
Go! Go! 575,4,Slice of Life,4,5.75,Game,C2C,TV
Goodbye Mr. Despair OAD,3,Comedy,6,7.93,Manga,Shaft,OVA
Gosick,24,Mystery,9,8.20,Light novel,Bones,TV
Guilty Crown,22,Action,8,7.76,Original,Production I.G,TV
Guilty Crown: Lost Christmas,1,Action,7,7.07,Original,Production I.G,OVA
Kaiji: Ultimate Survivor,26,Game,6,8.32,Manga,Madhouse,TV
GYO: Tokyo Fish Attack!,1,Horror,8,5.63,Manga,ufotable,OVA
H2O: Footprints in the Sand,12,Harem,7,7.20,Visual novel,Zexcs,TV
Haibane Renmei,13,Slice of Life,8,8.04,Other,Radix,TV
Nyaruko: Crawling With Love!,12,Sci-Fi,9,7.21,Light novel,Xebec,TV
Nyaruko: Crawling With Love! Second Season,12,Comedy,9,7.40,Light novel,Xebec,TV
Haiyore! Nyaruko-san: Yasashii Teki no Shitome-kata,1,Comedy,8,7.26,Light novel,Xebec,OVA
Haiyoru! Nyaruani,9,Comedy,3,6.32,Light novel,DLE,OVA
Haiyoru! Nyaruani: Remember My Mr. Lovecraft,11,Comedy,3,6.30,Light novel,DLE,TV
Haiyoru! Nyaruani: Remember My Mr. Lovecraft,1,Comedy,3,6.24,Unknown,DLE,Special
Hal,1,Sci-Fi,8,7.67,Original,Wit Studio,Movie
Hanasaku Iroha: Blossoms for Tomorrow,26,Slice of Life,10,8.01,Original,P.A. Works,TV
Hanasaku Iroha the Movie: Home Sweet Home,1,Slice of Life,9,7.96,Original,P.A. Works,Movie
Hanayamata,12,Comedy,7,7.39,Manga,Madhouse,TV
Harmony,1,Sci-Fi,6,7.12,Novel,Studio 4°C,Movie
The Devil is a Part-Timer!,13,Comedy,9,7.99,Light novel,White Fox,TV
Hellsing,13,Action,6,7.61,Manga,Gonzo,TV
Hellsing: Psalm of Darkness,1,Action,0,7.12,Manga,Gonzo,Special
"The ""Hentai"" Prince and the Stony Cat.",12,Harem,10,7.41,Light novel,J.C.Staff,TV
Sound! Euphonium,13,Music,10,8.02,Novel,Kyoto Animation,TV
Sound! Euphonium 2,13,Music,10,8.29,Novel,Kyoto Animation,TV
Sound! Euphonium 2 Specials,7,Music,5,6.56,Original,Kyoto Animation,Special
Sound! Euphonium: The Movie - Welcome to the Kitauji High School Concert Band,1,Music,8,7.44,Novel,Kyoto Animation,Movie
"Sound! Euphonium Episode 14 – Ready, Set, Monaka",1,Drama,9,7.47,Novel,Kyoto Animation,Special
Sound! Euphonium Specials,7,Comedy,7,6.75,Original,Kyoto Animation,Special
Aria the Scarlet Ammo,12,Action,7,7.08,Light novel,J.C.Staff,TV
Aria the Scarlet Ammo Special,1,Action,6,6.94,Light novel,J.C.Staff,Special
High School of the Dead,12,Action,5,7.38,Manga,Madhouse,TV
Highschool of the Dead: Drifters of the Dead,1,Ecchi,2,6.76,Manga,Madhouse,OVA
When They Cry,26,Mystery,10,8.11,Visual novel,Studio Deen,TV
When They Cry: Kai,24,Mystery,9,8.36,Visual novel,Studio Deen,TV
Higurashi no Naku Koro ni Kaku: Outbreak,1,Horror,5,7.35,Light novel,Studio Deen,OVA
Higurashi no Naku Koro ni Kira,4,Mystery,7,6.58,Original,Studio Deen,OVA
When They Cry: Rei,5,Mystery,8,7.54,Visual novel,Studio Deen,OVA
Higurashi no Naku Koro ni Special: Nekogoroshi-hen,1,Mystery,8,7.30,Light novel,Studio Deen,Special
Himegoto,13,School,6,6.05,4-koma manga,Asahi Production,TV
Hinata no Aoshigure,1,Adventure,7,7.12,Original,Studio Colorido,Movie
Hitotsubu ni Kawaranu Ai wo Komete,1,Magic,0,6.10,Unknown,Studio 4°C,ONA
Chaika -The Coffin Princess-,12,Action,9,7.42,Light novel,Bones,TV
Hiyokoi,1,Romance,7,7.48,Manga,Production I.G,Special
Hiyokoi (2012),3,Romance,0,6.83,Unknown,Production I.G,ONA
Voices of a Distant Star,1,Sci-Fi,7,7.42,Original,CoMix Wave Films,OVA
Grave of the Fireflies,1,Drama,6,8.56,Novel,Studio Ghibli,Movie
Hotarubi no Mori e,1,Drama,10,8.56,Manga,Brain's Base,Movie
Wandering Son,11,Drama,9,7.80,Manga,AIC Classic,TV
Wandering Son Specials,2,Drama,9,7.70,Manga,AIC Classic,Special
Howl's Moving Castle,1,Adventure,0,8.73,Novel,Studio Ghibli,Movie
Hyouka,22,Mystery,9,8.15,Novel,Kyoto Animation,TV
Hyouka: Motsubeki Mono wa,1,Slice of Life,6,7.41,Novel,Kyoto Animation,OVA
Inari Kon Kon,10,Comedy,6,7.27,Manga,Production IMS,TV
Inferno Cop,13,Action,9,7.34,Original,Trigger,ONA
Inferno Cop: Fact Files,12,Action,0,5.47,Original,Trigger,ONA
Inu X Boku Secret Service,12,Comedy,8,7.64,Manga,David Production,TV
Inu X Boku Secret Service Special,1,Comedy,8,7.75,Manga,David Production,Special
Inugami-san to Nekoyama-san,12,Comedy,6,6.68,4-koma manga,Seven,TV
One Week Friends,12,Slice of Life,7,7.66,4-koma manga,Brain's Base,TV
Jin-Roh: The Wolf Brigade,1,Military,9,7.84,Manga,Production I.G,Movie
JoJo's Bizarre Adventure,26,Action,10,8.43,Manga,David Production,TV
JoJo's Bizarre Adventure: Stardust Crusaders,24,Action,9,8.24,Manga,David Production,TV
Just Because!,12,Slice of Life,8,7.42,Original,Pine Jam,TV
K-ON!,13,Slice of Life,10,7.86,4-koma manga,Kyoto Animation,TV
K-ON! Season 2,26,Comedy,8,8.14,4-koma manga,Kyoto Animation,TV
K-On!!: Keikaku!,1,Comedy,8,7.88,Original,Kyoto Animation,Special
K-ON!!: Ura-On!!,9,Comedy,6,6.58,Original,Kyoto Animation,Special
K-On!: Live House!,1,Comedy,10,7.87,4-koma manga,Kyoto Animation,Special
K-On!: Ura-On!,7,Comedy,6,6.39,Original,Kyoto Animation,Special
Kagewani,13,Horror,6,6.52,Original,Tomovies,TV
Kakegurui: Compulsive Gambler,12,Drama,7,7.58,Manga,MAPPA,TV
The World God Only Knows,12,Comedy,8,7.90,Manga,Manglobe,TV
The World God Only Knows II,12,Comedy,8,8.08,Manga,Manglobe,TV
The World God Only Knows: Four Girls and an Idol,1,Comedy,6,7.40,Unknown,Manglobe,OVA
The World God Only Knows: Flag 0,1,Comedy,0,6.97,Unknown,Manglobe,OVA
The World God Only Knows: Goddesses,12,Harem,7,8.23,Manga,Manglobe,TV
Kami nomi zo Shiru Sekai: Natsu-iro Surprise,1,Music,0,6.62,Unknown,Manglobe,Music
Kami nomi zo Shiru Sekai: Nonstop!! Hunters,1,Music,0,6.61,Unknown,Manglobe,Music
The World God Only Knows: Tenri Arc,2,Comedy,7,7.82,Unknown,Manglobe,OVA
Kamisama Dolls,13,Action,8,7.11,Manga,Brain's Base,TV
Kamisama Dolls Specials,6,Comedy,5,5.97,Manga,Brain's Base,Special
Heaven's Memo Pad,12,Mystery,9,7.65,Light novel,J.C.Staff,TV
Kannagi: Crazy Shrine Maidens,13,Comedy,9,7.40,Manga,A-1 Pictures,TV
Kannagi: Moshimo Kannagi ga Attara...,1,Comedy,7,7.15,Manga,A-1 Pictures,Special
She and Her Cat: Their Standing Points,1,Drama,7,7.46,Original,add some,OVA
Kanon,24,Slice of Life,10,8.12,Visual novel,Kyoto Animation,TV
the Garden of sinners Chapter 1: Overlooking View,1,Action,8,7.76,Light novel,ufotable,Movie
the Garden of sinners Chapter 2: Murder Speculation Part A,1,Action,10,7.97,Light novel,ufotable,Movie
the Garden of sinners Chapter 3: Remaining Sense of Pain,1,Action,8,8.17,Light novel,ufotable,Movie
the Garden of sinners Chapter 4: The Hollow Shrine,1,Action,8,8.01,Light novel,ufotable,Movie
the Garden of sinners Chapter 5: Paradox Paradigm,1,Action,8,8.64,Light novel,ufotable,Movie
the Garden of sinners Chapter 6: Oblivion Recording,1,Action,8,7.67,Light novel,ufotable,Movie
the Garden of sinners Chapter 7: Murder Speculation Part B,1,Action,9,8.53,Light novel,ufotable,Movie
the Garden of sinners Remix -Gate of seventh heaven-,1,Action,7,7.71,Light novel,ufotable,Movie
the Garden of sinners -recalled out summer-,1,Drama,7,8.10,Light novel,ufotable,Movie
the Garden of sinners -recalled out summer- extra chorus,1,Drama,8,7.54,Manga,ufotable,Special
the Garden of sinners -recalled out summer- Pre-show Reminder,1,Drama,0,6.15,Unknown,ufotable,Movie
Kara no Kyoukai: Shuushou,NaN,NaN,6,NaN,NaN,NaN,NaN
Girl Meets Girl,12,Comedy,4,6.76,Manga,Studio Hibari,TV
Girl Meets Girl,1,Comedy,3,6.90,Unknown,Studio Hibari,OVA
Katanagatari,12,Action,8,8.45,Light novel,White Fox,TV
Nausicaä of the Valley of the Wind,1,Adventure,0,8.47,Manga,Studio Ghibli,Movie
Berserk,25,Action,8,8.44,Manga,OLM,TV
Kick-Heart,1,Sports,8,6.32,Unknown,Production I.G,Movie
KILL la KILL,24,Action,5,8.20,Original,Trigger,TV
Kimi no Iru Machi: Tasogare Kousaten,2,Drama,10,7.30,Manga,Tatsunoko Production,OVA
Your Name.,1,Supernatural,10,9.22,Original,CoMix Wave Films,Movie
KINMOZA!,12,Slice of Life,8,7.36,4-koma manga,Studio Gokumi,TV
Kino no Tabi: Nanika wo Suru Tame ni - Life Goes On.,1,Adventure,0,7.86,Light novel,A.C.G.T.,Movie
Kino's Journey,13,Action,9,8.45,Light novel,A.C.G.T.,TV
Kino no Tabi: The Beautiful World - Byouki no Kuni - For You,1,Adventure,0,7.81,Light novel,Shaft,Movie
Kino's Journey -the Beautiful World- the Animated Series,12,Action,7,7.61,Light novel,Lerche,TV
Kino no Tabi: The Beautiful World - Tou no Kuni,NaN,NaN,0,NaN,NaN,NaN,NaN
Kiznaiver,12,Sci-Fi,8,7.61,Original,Trigger,TV
Miss Kobayashi's Dragon Maid,13,Slice of Life,8,8.20,Manga,Kyoto Animation,TV
Miss Kobayashi's Dragon Maid,7,Slice of Life,0,7.34,Manga,Kyoto Animation,Special
"Miss Kobayashi's Dragon Maid Episode 14: Valentine's, and Then Hot Springs! - Please Don't Get Your Hopes Up",1,Slice of Life,0,7.93,Manga,Kyoto Animation,Special
Kodomo no Jikan (TV),12,Comedy,9,7.05,Manga,Diomedea,TV
Kodomo no Jikan OVA,3,Comedy,9,7.20,Manga,Diomedea,OVA
Kodomo no Jikan: Ni Gakki,3,Comedy,8,7.26,Manga,Diomedea,OVA
A Silent Voice,1,Drama,8,9.05,Manga,Kyoto Animation,Movie
Koi Kaze,13,Drama,8,7.28,Manga,A.C.G.T.,TV
"Love, Election and Chocolate",12,Drama,4,7.25,Visual novel,AIC Build,TV
Koi to Senkyo to Chocolate Special,1,Drama,3,7.01,Visual novel,AIC Build,Special
Koitabi: True Tours Nanto,6,Romance,8,7.05,Original,P.A. Works,Special
Kokoro Connect,13,Slice of Life,9,7.96,Light novel,Silver Link.,TV
Kokoro Connect OVA,4,Comedy,10,8.14,Light novel,Silver Link.,Special
The Anthem of the Heart,1,Drama,7,8.21,Original,A-1 Pictures,Movie
Komori-san Can't Decline!,12,Slice of Life,5,6.29,4-koma manga,Artland,TV
KonoSuba: God's Blessing on This Wonderful World!,10,Adventure,8,8.15,Light novel,Studio Deen,TV
Kono Subarashii Sekai ni Shukufuku wo! OVA,1,Comedy,3,7.85,Light novel,Studio Deen,OVA
Koroshiya-san: The Hired Gun,10,Action,6,5.65,4-koma manga,Opera House,TV
The Garden of Words,1,Slice of Life,8,8.28,Original,CoMix Wave Films,Movie
The Troubled Life of Miss Kotoura,12,Comedy,7,7.36,4-koma manga,AIC Classic,TV
Kowarekake no Orgel,1,Drama,8,7.44,Original,add some,OVA
Kowarekake no Orgel Special,1,Sci-Fi,7,6.99,Original,add some,Special
The Place Promised in Our Early Days,1,Drama,8,7.78,Original,CoMix Wave Films,Movie
Kurage no Shokudou,NaN,NaN,6,NaN,NaN,NaN,NaN
Kurenai,12,Comedy,9,7.47,Light novel,Brain's Base,TV
Kure-nai OVA,2,Action,5,6.88,Light novel,Brain's Base,OVA
Porco Rosso,1,Action,0,8.02,Manga,Studio Ghibli,Movie
Kuttsukiboshi,2,Romance,7,6.35,Original,Primastea,OVA
Beyond the Boundary,12,Slice of Life,6,7.87,Light novel,Kyoto Animation,TV
Last Exile,26,Action,6,7.91,Original,Gonzo,TV
Last Orders,1,Action,0,5.70,Original,Production I.G,Special
Little Busters!,26,Slice of Life,8,7.62,Visual novel,J.C.Staff,TV
Little Busters!: Refrain,NaN,NaN,9,NaN,NaN,NaN,NaN
Little Busters!: Sekai no Saitou wa Ore ga Mamoru!,1,Slice of Life,7,7.46,Visual novel,J.C.Staff,OVA
Little Witch Academia,NaN,NaN,8,NaN,NaN,NaN,NaN
Log Horizon,25,Action,8,8.10,Novel,Satelight,TV
Love Lab,NaN,NaN,7,NaN,NaN,NaN,NaN
Made in Abyss,13,Sci-Fi,9,8.91,Web manga,Kinema Citrus,TV
Magical Star Kanon 100%!,1,Magic,5,6.86,Manga,Manglobe,OVA
Puella Magi Madoka Magica,12,Drama,10,8.47,Original,Shaft,TV
Puella Magi Madoka Magica the Movie: Rebellion,1,Psychological,9,8.48,Original,Shaft,Movie
Puella Magi Madoka Magica Concept Movie,1,Drama,0,7.13,Original,Shaft,Movie
Puella Magi Sonico Magica,1,Music,0,5.89,Unknown,add some,ONA
The Irregular at Magic High School,26,Action,8,7.75,Light novel,Madhouse,TV
Kiki's Delivery Service,1,Adventure,0,8.29,Novel,Studio Ghibli,Movie
Mangirl!,13,Comedy,7,6.00,Manga,Doga Kobo,TV
Mangirl!: Asobu Henshuu Girl,1,Comedy,6,6.05,Manga,Doga Kobo,Special
Mashiro-iro Symphony: Airi ga Anata no Kanojo ni!?,1,Harem,3,6.21,Unknown,Manglobe,Special
Mashiroiro Symphony: The Color of Lovers,12,Harem,4,7.26,Visual novel,Manglobe,TV
Penguindrum,24,Mystery,9,8.04,Original,Brain's Base,TV
Mayo Chiki!,13,Harem,7,7.49,Light novel,feel.,TV
Meisou! Underworld,1,Action,0,5.81,Manga,Studio Pierrot,ONA
Whisper of the Heart,1,Adventure,7,8.30,Manga,Studio Ghibli,Movie
Minami-ke,13,Slice of Life,9,7.78,Manga,Daume,TV
Minami-ke Betsubara,1,Comedy,8,7.56,Manga,Asread,OVA
Minami-ke Natsuyasumi,1,Comedy,9,7.46,Manga,feel.,OVA
Minami-ke Okaeri,13,Slice of Life,8,7.64,Manga,Asread,TV
Minami-ke Okawari,13,Comedy,9,7.40,Manga,Asread,TV
Minami-ke Omatase,1,Comedy,8,7.47,Manga,feel.,OVA
Minami-ke Tadaima,13,Comedy,9,7.76,Manga,feel.,TV
Mirai Nikki,1,Action,0,7.48,Manga,Asread,OVA
The Future Diary,26,Action,6,7.93,Manga,Asread,TV
The Future Diary: Redial,1,Action,5,7.64,Manga,Asread,OVA
Miss Monochrome: The Animation,13,Comedy,6,6.49,Original,SANZIGEN,TV
Miss Monochrome: The Animation - Manager,1,Slice of Life,3,6.33,Original,SANZIGEN,OVA
Miss Monochrome: The Animation - Soccer-hen,1,Slice of Life,4,6.31,Original,SANZIGEN,ONA
"Problem children are coming from another world, aren't they?",10,Action,7,7.80,Light novel,Diomedea,TV
Mondaiji-tachi ga Isekai kara Kuru Sou Desu yo?: Onsen Manyuuki,1,Fantasy,5,7.38,Light novel,Diomedea,OVA
Mononoke Hime,NaN,NaN,0,NaN,NaN,NaN,NaN
Monster,74,Drama,8,8.69,Manga,Madhouse,TV
Moonrakers,1,Drama,0,5.67,Manga,Studio Pierrot,ONA
Mou Hitotsu no Mirai wo.,NaN,NaN,4,NaN,NaN,NaN,NaN
Paranoia Agent,13,Mystery,5,7.73,Original,Madhouse,TV
Mudazumo Naki Kaikaku: The Legend of Koizumi,3,Comedy,8,7.06,Manga,TYO Animations,OVA
Mushi-Shi,26,Adventure,8,8.75,Manga,Artland,TV
Mushishi Special: Hihamukage,NaN,NaN,8,NaN,NaN,NaN,NaN
The Disappearance of Nagato Yuki-chan,16,Comedy,7,6.76,Manga,Satelight,TV
A Lull in the Sea,26,Drama,8,8.25,Original,P.A. Works,TV
Muromi-san,13,Comedy,8,7.04,Manga,Tatsunoko Production,TV
Namiuchigiwa no Muromi-san OVA,1,Slice of Life,8,6.82,Manga,Tatsunoko Production,OVA
Mysterious Girlfriend X,13,Romance,8,7.36,Manga,Hoods Entertainment,TV
Nazo no Kanojo X: Nazo no Natsu Matsuri,1,Ecchi,6,7.30,Unknown,add some,OVA
Nekomonogatari Black,4,Comedy,7,8.05,Light novel,Shaft,TV
Neon Genesis Evangelion,26,Action,8,8.31,Original,Gainax,TV
Neon Genesis Evangelion: Death & Rebirth,1,Drama,7,7.50,Original,Gainax,Movie
Neon Genesis Evangelion: The End of Evangelion,NaN,NaN,10,NaN,NaN,NaN,NaN
Recovery of an MMO Junkie,10,Comedy,8,7.91,Web manga,Signal. MD,TV
Net-juu no Susume Special,1,Game,7,7.57,Web manga,Signal. MD,Special
And you thought there is never a girl online?,12,Game,7,7.10,Light novel,Project No.9,TV
Netsuzou Trap -NTR-,12,Drama,5,5.53,Manga,Creators in Pack,TV
New Game!,12,Slice of Life,8,7.76,4-koma manga,Doga Kobo,TV
Welcome to the N.H.K.,24,Comedy,8,8.38,Novel,Gonzo,TV
Nisekoi: False Love,20,Harem,6,7.83,Manga,Shaft,TV
Nisemonogatari,11,Mystery,9,8.20,Light novel,Shaft,TV
"No Game, No Life",12,Game,5,8.42,Light novel,Madhouse,TV
No. 6,11,Action,8,7.73,Novel,Bones,TV
Haruka Nogizaka's Secret,12,Comedy,4,7.32,Light novel,Diomedea,TV
Non Non Biyori,12,Comedy,8,8.02,Manga,Silver Link.,TV
Noragami: Stray God,12,Action,6,8.15,Manga,Bones,TV
No-Rin,12,Comedy,7,6.95,Light novel,Silver Link.,TV
Occultic;Nine,12,Sci-Fi,5,7.07,Light novel,A-1 Pictures,TV
When Marnie Was There,1,Mystery,8,8.30,Novel,Studio Ghibli,Movie
One Off,4,Slice of Life,9,6.48,Original,TYO Animations,OVA
One Punch Man,12,Action,8,8.74,Web manga,Madhouse,TV
One Punch Man: Road to Hero,1,Action,7,7.84,Web manga,Madhouse,OVA
Oneechan ga Kita,12,Comedy,8,6.50,4-koma manga,C2C,TV
Oneechan ga Kita Special,1,Comedy,7,6.57,4-koma manga,add some,Special
OniAi,12,Comedy,7,6.73,Light novel,Silver Link.,TV
OniAi Specials,6,Comedy,5,6.36,Unknown,Silver Link.,Special
Wolf Children,1,Slice of Life,9,8.79,Original,Studio Chizu,Movie
Spice and Wolf,13,Adventure,9,8.35,Light novel,Imagin,TV
Ookami to Koushinryou II,NaN,NaN,9,NaN,NaN,NaN,NaN
Spice and Wolf II Specials,2,Fantasy,2,7.09,Light novel,Brain's Base,Special
Ookami to Koushinryou II: Ookami to Kohakuiro no Yuuutsu,1,Fantasy,8,7.96,Light novel,Brain's Base,OVA
Okami-San and Her Seven Companions,12,Comedy,6,7.34,Light novel,J.C.Staff,TV
OreImo,12,Slice of Life,9,7.38,Light novel,AIC Build,TV
OreImo Specials,4,Slice of Life,9,7.59,Light novel,AIC Build,ONA
Oreimo 2,13,Slice of Life,8,7.32,Light novel,A-1 Pictures,TV
Ore no Imouto ga Konnani Kawaii Wake ga Nai. Specials,NaN,NaN,5,NaN,NaN,NaN,NaN
My Mental Choices Are Completely Interfering With My School Romantic Comedy,10,Comedy,9,7.48,Light novel,Diomedea,TV
Overlord,NaN,NaN,7,NaN,NaN,NaN,NaN
Overlord: Ple Ple Pleiades,8,Action,5,7.04,Light novel,Studio PuYUKAI,Special
Seraph of the End: Vampire Reign,12,Action,7,7.64,Manga,Wit Studio,TV
Seraph of the End: Battle in Nagoya,12,Action,6,7.80,Manga,Wit Studio,TV
Panty & Stocking in Sanitarybox,1,Action,8,6.51,Original,Gainax,Special
Panty & Stocking with Garterbelt,13,Action,9,7.78,Original,Gainax,TV
"Listen to Me, Girls. I Am Your Father!",12,Comedy,6,7.47,Light novel,feel.,TV
Papa no Iukoto wo Kikinasai!: Pokkapoka,1,Comedy,4,7.27,Light novel,feel.,Special
Paprika,1,Sci-Fi,4,8.13,Novel,Madhouse,Movie
Perfect Blue,1,Dementia,10,8.30,Novel,Madhouse,Movie
Persona 4 the Animation,25,Sci-Fi,5,7.64,Game,AIC A.S.T.A.,TV
Persona 4 the Animation: No One is Alone,1,Sci-Fi,4,7.57,Game,AIC A.S.T.A.,Special
Phantom: The Animation,3,Action,3,6.63,Visual novel,Arcs Create,OVA
Phantom: Requiem for the Phantom,26,Action,9,8.12,Visual novel,Bee Train,TV
Planetarian,5,Sci-Fi,7,7.60,Visual novel,David Production,ONA
Planetes,26,Drama,9,8.37,Manga,Sunrise,TV
Plastic Memories,13,Sci-Fi,10,7.99,Original,Doga Kobo,TV
Pokemon 3: The Movie,1,Action,0,7.16,Game,OLM,Movie
Pokemon: The Movie 2000,1,Adventure,0,7.45,Game,OLM,Movie
Pokemon: The First Movie,1,Action,0,7.67,Game,OLM,Movie
Princess Principal,12,Action,9,7.72,Original,Actas,TV
Prison School,12,Comedy,8,7.94,Manga,J.C.Staff,TV
Psycho-Pass,22,Action,9,8.46,Original,Production I.G,TV
Psycho-Pass 2,11,Action,7,7.56,Original,Tatsunoko Production,TV
Psycho-Pass: The Movie,1,Action,5,7.88,Original,Production I.G,Movie
Puchitto Gargantia,13,Mecha,7,6.35,Unknown,Studio PuYUKAI,ONA
Pupa,12,Fantasy,6,3.74,Manga,Studio Deen,TV
Pupipo!,15,Slice of Life,6,6.87,Manga,AIC Plus+,TV
RahXephon,26,Action,7,7.51,Original,Bones,TV
RahXephon Interlude: Her and Herself/Thatness and Thereness,1,Drama,4,6.45,Original,Bones,OVA
Expelled from Paradise,1,Action,6,7.53,Original,Graphinica,Movie
Red Data Girl,12,Fantasy,8,6.67,Novel,P.A. Works,TV
Re:ZERO -Starting Life in Another World-,25,Psychological,9,8.46,Light novel,White Fox,TV
Redline,1,Action,8,8.33,Original,Madhouse,Movie
Redline Pilot,1,Cars,0,6.78,Original,Madhouse,Special
Ro-Kyu-Bu ~ Fast Break!,12,Ecchi,8,6.99,Light novel,Barnum Studio,TV
Ro-Kyu-Bu!: Tomoka no Ichigo Sundae,1,Ecchi,7,7.10,Unknown,add some,OVA
Robotics;Notes,22,Sci-Fi,6,7.41,Visual novel,Production I.G,TV
Romantica Clock,NaN,NaN,0,NaN,NaN,NaN,NaN
Rozen Maiden,12,Action,8,7.54,Manga,Nomad,TV
Rozen Maiden: Zurückspulen,13,Action,9,7.42,Manga,Studio Deen,TV
Rozen Maiden: Meitantei Kunkun - Duell Walzer,1,Comedy,0,6.55,Manga,Nomad,Special
Rozen Maiden: Ouvertüre,NaN,NaN,7,NaN,NaN,NaN,NaN
Rozen Maiden: Träumend,12,Action,7,7.74,Manga,Nomad,TV
Ryo,1,Action,8,5.96,Original,Gonzo,Movie
Saekano: How to Raise a Boring Girlfriend,12,Harem,9,7.66,Light novel,A-1 Pictures,TV
Saekano: How to Raise a Boring Girlfriend .flat - Fan Service of Love and Pure heart,1,Harem,6,7.36,Light novel,A-1 Pictures,Special
Saenai Heroine no Sodatekata: Ai to Seishun no Service-kai,1,Harem,5,7.05,Light novel,A-1 Pictures,Special
"Recently, my sister is unusual.",12,Comedy,6,6.42,Manga,Project No.9,TV
"She, The Ultimate Weapon",13,Military,8,7.28,Manga,Gonzo,TV
Saikano: Another Love Song,2,Drama,8,7.19,Unknown,add some,OVA
Patema Inverted,1,Sci-Fi,8,8.18,Original,Studio Rikka,Movie
Sakura Trick,12,Slice of Life,7,7.16,4-koma manga,Studio Deen,TV
Beautiful Bones -Sakurako's Investigation-,12,Mystery,7,7.47,Novel,TROYCA,TV
The Pet Girl of Sakurasou,24,Comedy,10,8.34,Light novel,J.C.Staff,TV
Sankarea: Undying Love,12,Comedy,8,7.50,Manga,Studio Deen,TV
Sankarea OVA,2,Comedy,7,7.34,Manga,Studio Deen,OVA
"Sankarea: I, Too, Am... A Zombie...",1,Comedy,7,7.37,Manga,Studio Deen,Special
"Sayonara, Zetsubou-Sensei",12,Comedy,7,8.00,Manga,Shaft,TV
Sayonara Zetsubou Sensei Special,1,Mystery,6,7.60,Manga,Shaft,Special
Sayonara Zetsubou Sensei Special Omake,1,Comedy,0,6.73,Manga,Shaft,Special
School Days,12,Harem,7,6.06,Visual novel,TNK,TV
School Days ONA,1,Romance,6,6.18,Visual novel,add some,ONA
School Days: Magical Heart Kokoro-chan,1,Comedy,4,5.79,Unknown,TNK,OVA
School Days: Valentine Days,1,Comedy,5,6.09,Unknown,TNK,OVA
World Conquest Zvezda Plot,12,Action,7,7.16,Original,A-1 Pictures,TV
Millennium Actress,1,Action,7,8.32,Original,Madhouse,Movie
Senyuu.,13,Action,7,7.46,Web manga,Ordet,TV
Senyuu. 2,13,Action,5,7.58,Web manga,Ordet,TV
Senyuu. Specials,4,Action,4,7.16,Web manga,Ordet,Special
Serial Experiments Lain,13,Dementia,5,7.99,Original,Triangle Staff,TV
Servant x Service,13,Comedy,8,7.77,4-koma manga,A-1 Pictures,TV
Shakugan no Shana: Season I,24,Action,8,7.67,Light novel,J.C.Staff,TV
Shakugan no Shana: Season II,24,Action,9,7.74,Light novel,J.C.Staff,TV
Shakugan no Shana II (Second) Specials,3,Comedy,5,7.30,Unknown,J.C.Staff,Special
Shakugan no Shana: Season III,24,Action,7,7.69,Light novel,J.C.Staff,TV
Shakugan no Shana: The Movie,1,Action,7,7.44,Light novel,J.C.Staff,Movie
Shakugan no Shana Movie Special,1,Adventure,6,7.22,Unknown,J.C.Staff,Special
Shakugan no Shana S: OVA Series,4,Action,9,7.46,Light novel,J.C.Staff,OVA
Shakugan no Shana S Specials,4,Comedy,5,6.99,Light novel,J.C.Staff,Special
Shakugan no Shana SP: Koi to Onsen no Kougai Gakushuu!,1,Comedy,7,7.26,Unknown,J.C.Staff,OVA
Shakugan no Shana Specials,4,Comedy,6,7.19,Unknown,J.C.Staff,Special
Shelter,1,Sci-Fi,0,8.41,Music,A-1 Pictures,Music
Your Lie in April,22,Drama,9,8.89,Manga,A-1 Pictures,TV
Shiki,22,Mystery,8,7.93,Novel,Daume,TV
Shiki Specials,2,Horror,8,7.90,Novel,Daume,Special
SHIMONETA: A Boring World Where the Concept of Dirty Jokes Doesn't Exist,12,Comedy,7,7.50,Light novel,J.C.Staff,TV
Attack on Titan,25,Action,8,8.50,Manga,Wit Studio,TV
Shingeki no Kyojin OVA,3,Action,7,7.88,Manga,Wit Studio,OVA
Attack on Titan Season 2,12,Action,8,8.50,Manga,Wit Studio,TV
Attack on Titan: Since That Day,1,Action,7,7.00,Manga,Wit Studio,Special
Shingeki no Kyojin: Kuinaki Sentaku,2,Action,8,8.43,Manga,Wit Studio,OVA
Lunar Legend Tsukihime,12,Action,6,7.05,Visual novel,J.C.Staff,TV
Squid Girl,12,Comedy,6,7.56,Manga,Diomedea,TV
Squid Girl Specials,2,Comedy,5,7.36,Unknown,Diomedea,Special
From the New World,25,Sci-Fi,10,8.50,Novel,A-1 Pictures,TV
Shirobako,24,Comedy,9,8.45,Original,P.A. Works,TV
Shirobako Specials,2,Adventure,6,6.97,Original,P.A. Works,Special
Sonic the Hedgehog: The Movie,2,Adventure,0,6.87,Game,Studio Pierrot,OVA
Space Dandy,13,Sci-Fi,7,7.88,Original,Bones,TV
Sparrow's Hotel,12,Comedy,4,5.55,4-koma manga,Hotline,TV
Steins;Gate,24,Sci-Fi,10,9.14,Visual novel,White Fox,TV
Steins;Gate: The Movie − Load Region of Déjà Vu,1,Sci-Fi,6,8.59,Visual novel,White Fox,Movie
Steins;Gate: Egoistic Poriomania,1,Sci-Fi,10,8.44,Visual novel,White Fox,Special
Strange+,12,Slice of Life,7,6.08,Manga,Seven,TV
Sword of the Stranger,1,Action,8,8.42,Original,Bones,Movie
Sword of the Stranger Pilot,1,Action,0,7.06,Original,Bones,Special
The Perfect Insider,11,Sci-Fi,8,7.33,Novel,A-1 Pictures,TV
Sugar*Soldier,3,Shoujo,0,5.87,Manga,add some,Special
Gargantia on the Verdurous Planet,13,Action,8,7.61,Original,Production I.G,TV
Gargantia on the Verdurous Planet: Specials,2,Action,8,7.24,Original,Production I.G,Special
Summer Wars,1,Sci-Fi,8,8.24,Original,Madhouse,Movie
The Disappearance of Haruhi Suzumiya,1,Comedy,9,8.75,Light novel,Kyoto Animation,Movie
The Melancholy of Haruhi Suzumiya,14,Comedy,8,8.00,Light novel,Kyoto Animation,TV
The Melancholy of Haruhi Suzumiya Season 2,14,Sci-Fi,6,7.27,Light novel,Kyoto Animation,TV
Sword Art Online,25,Action,6,7.68,Light novel,A-1 Pictures,TV
Sword Art Online: Extra Edition,1,Action,5,6.90,Light novel,A-1 Pictures,Special
"Love, Chunibyo & Other Delusions!: Rikka Version",1,Comedy,7,7.38,Light novel,Kyoto Animation,Movie
Takanashi Rikka Kai: Chuunibyou demo Koi ga Shitai! Movie Lite,1,Comedy,0,7.26,Light novel,Kyoto Animation,Special
Tamako Love Story,1,Comedy,9,8.11,Original,Kyoto Animation,Movie
Tamako Market,12,Slice of Life,8,7.37,Original,Kyoto Animation,TV
Tamako Market Specials,6,Comedy,4,6.31,Original,Kyoto Animation,Special
Tari Tari,13,Music,8,7.41,Original,P.A. Works,TV
Dusk Maiden of Amnesia,12,Horror,7,7.94,Manga,Silver Link.,TV
Dusk Maiden of Amnesia: Ghost Girl,1,Horror,6,7.56,Manga,Silver Link.,Special
Tekken: Blood Vengeance,1,Action,5,6.77,Game,add some,Movie
Gurren Lagann,27,Action,10,8.74,Original,Gainax,TV
Tengen Toppa Gurren Lagann Movie: Lagann-hen Special - Viral no Amai Yume,1,Comedy,5,7.43,Original,Gainax,OVA
Tengen Toppa Gurren Lagann: Kirameki★Yoko Box - Pieces of Sweet Stars,1,Ecchi,7,7.20,Original,Gainax,Music
Tengen Toppa Gurren Lagann: Mitee Mono wa Miteen da!!,1,Action,8,7.46,Original,Gainax,Special
Tengen Toppa Gurren Lagann: Ore no Gurren wa Pikka-Pika!!,1,Action,6,6.90,Original,Gainax,OVA
Castle in the Sky,1,Adventure,0,8.38,Novel,Studio Ghibli,Movie
Angel's Drop,1,Comedy,0,3.75,Web manga,AIC Frontier,Special
Angel's Egg,1,Fantasy,7,7.61,Original,Studio Deen,OVA
The Last: Naruto the Movie,1,Action,7,7.88,Manga,Studio Pierrot,Movie
A Certain Scientific Railgun,24,Action,7,7.83,Manga,J.C.Staff,TV
Toaru Kagaku no Railgun: Entenka no Satsuei Model mo Raku Ja Arimasen wa ne.,1,Comedy,5,6.91,Manga,J.C.Staff,OVA
Toaru Kagaku no Railgun: Misaka-san wa Ima Chuumoku no Mato desukara,1,Action,7,7.54,Manga,J.C.Staff,OVA
Toaru Kagaku no Railgun: Motto Marutto Railgun,2,Comedy,4,6.94,Manga,J.C.Staff,Special
A Certain Magical Index,24,Action,9,7.64,Light novel,J.C.Staff,TV
A Certain Magical Index II,24,Action,8,7.80,Light novel,J.C.Staff,TV
A Certain Magical Index: Specials,2,Comedy,6,7.08,Unknown,J.C.Staff,Special
A Certain Magical Index II: Specials,2,Comedy,5,7.09,Unknown,J.C.Staff,Special
The Girl Who Leapt Through Time,1,Sci-Fi,7,8.37,Novel,Madhouse,Movie
Tokyo Ghoul,12,Action,7,8.01,Manga,Studio Pierrot,TV
Tokyo Ghoul √A,12,Action,6,7.46,Manga,Studio Pierrot,TV
Tokyo Godfathers,1,Comedy,8,8.31,Original,Madhouse,Movie
My Little Monster,13,Slice of Life,8,7.72,Manga,Brain's Base,TV
Tonari no Kaibutsu-kun: Tonari no Gokudou-kun,1,Comedy,5,7.25,Manga,Brain's Base,OVA
Tonari no Seki-kun OVA,1,Comedy,7,7.47,Unknown,Shin-Ei Animation,OVA
My Neighbor Totoro,1,Adventure,0,8.45,Original,Studio Ghibli,Movie
Toradora!,25,Slice of Life,10,8.40,Light novel,J.C.Staff,TV
Toradora!: Bento Battle,1,Slice of Life,6,7.52,Light novel,J.C.Staff,Special
Toradora! SOS! Hooray for Foodies,4,Comedy,4,6.41,Unknown,J.C.Staff,Special
Trinity Seven,12,Action,6,7.42,Manga,Seven Arcs Pictures,TV
Trinity Seven OVA,1,Action,5,7.53,Manga,Seven Arcs Pictures,OVA
True Tears,13,Drama,10,7.50,Original,P.A. Works,TV
True Tears Epilogue,1,Romance,0,6.74,Original,P.A. Works,Music
True Tears Specials,7,Parody,3,6.39,Original,P.A. Works,Special
True Tears: Raigomaru to Jibeta no Monogatari,1,Kids,4,6.26,Original,P.A. Works,Special
Tsuki ga Kirei,NaN,NaN,9,NaN,NaN,NaN,NaN
Tsukigakirei: First Half - The Road So Far,1,Romance,6,6.52,Original,feel.,Special
Tsuki no Sango,1,Drama,0,6.18,Other,ufotable,Movie
Tsuredure Children,12,Comedy,8,7.91,4-koma manga,Studio Gokumi,TV
The Eccentric Family,13,Slice of Life,8,7.96,Novel,P.A. Works,TV
Umineko: When They Cry,26,Mystery,6,7.29,Visual novel,Studio Deen,TV
Under the Dog,1,Action,7,6.42,Original,Kinema Citrus,OVA
Bunny Drop,11,Josei,8,8.53,Manga,Production I.G,TV
Usagi Drop Specials,4,Josei,8,8.05,Manga,Production I.G,Special
Utopia,1,Music,0,6.53,Original,P.A. Works,Music
"WataMote: No Matter How I Look At It, It's You Guys' Fault I'm Unpopular!",12,Slice of Life,6,7.24,Web manga,Silver Link.,TV
Wonder Momo,5,Action,3,3.77,Game,Graphinica,ONA
Wagnaria!!,13,Slice of Life,9,7.80,4-koma manga,A-1 Pictures,TV
Wagnaria!!3,13,Comedy,9,8.14,4-koma manga,A-1 Pictures,TV
Working!!!: Lord of the Takanashi,1,Slice of Life,8,8.30,4-koma manga,A-1 Pictures,Special
Wagnaria!!2,13,Slice of Life,8,7.96,4-koma manga,A-1 Pictures,TV
Wagnaria'!! Announcement Specials,2,Comedy,0,6.83,4-koma manga,A-1 Pictures,ONA
WWW.WAGNARIA!!,13,Slice of Life,7,7.56,Web manga,A-1 Pictures,TV
My Teen Romantic Comedy SNAFU,13,Slice of Life,9,8.11,Light novel,Brain's Base,TV
Yahari Ore no Seishun Love Comedy wa Machigatteiru. OVA,1,Comedy,6,7.63,Light novel,Brain's Base,OVA
My Teen Romantic Comedy SNAFU TOO!,13,Comedy,7,8.29,Light novel,feel.,TV
Yahari Ore no Seishun Love Comedy wa Machigatteiru. Zoku OVA,1,Comedy,8,8.21,Light novel,feel.,OVA
Encouragement of Climb,12,Adventure,8,6.82,Manga,8bit,TV
Yama no Susume: Kabe tte Kowakunai no?,1,Slice of Life,7,6.74,Manga,8bit,Special
"If I don't successfully pick up 420 girls, I am going to die in a lot of different ways.",1,Comedy,0,5.97,Light novel,Trigger,Special
Yosuga no Sora,12,Drama,5,6.62,Visual novel,feel.,TV
Classroom of the Elite,12,Drama,8,7.92,Light novel,Lerche,TV
YuruYuri: Happy Go Lily,12,Comedy,8,7.68,Manga,Doga Kobo,TV
"YuruYuri: For Whatever Reason, Never Ending, Heart Throbbing, Pitter-patter, Paradox Eternal",1,Comedy,0,6.22,Unknown,Doga Kobo,Special
YuruYuri: Happy Go Lily ♪♪,12,Slice of Life,9,7.92,Manga,Doga Kobo,TV
Zan Sayonara Zetsubou Sensei,13,Parody,6,7.98,Manga,Shaft,TV
Zan Sayonara Zetsubou Sensei Bangaichi,2,Comedy,6,7.89,Manga,Shaft,OVA
Terror in Resonance,11,Mystery,8,8.22,Original,MAPPA,TV
Zekkyou Gakkyuu,3,Shoujo,0,5.47,Manga,add some,Special
The Familiar of Zero,13,Action,6,7.55,Light novel,J.C.Staff,TV
The Familiar of Zero F,12,Adventure,4,7.72,Light novel,J.C.Staff,TV
The Familiar of Zero: Knight of the Twin Moons,12,Action,8,7.68,Light novel,J.C.Staff,TV
The Familiar of Zero: Rondo of Princesses,12,Action,7,7.57,Light novel,J.C.Staff,TV
The Familiar of Zero: Rondo of the Princesses OVA,1,Comedy,6,7.39,Unknown,J.C.Staff,Special
Zero no Tsukaima: Princesses no Rondo Picture Drama,7,Action,5,7.05,Unknown,J.C.Staff,Special
Zoku Sayonara Zetsubou Sensei,13,Comedy,6,8.00,Manga,Shaft,TV
